{
  "use_requests": ["use", "utilize", "put"],
  "sit_requests": ["sit", "rest", "sit on"],
  "pull_requests": ["pull", "tug", "yank"],
  "chew_requests": ["chew", "eat", "taste"],
  "drink_requests": ["drink", "sip", "gulp", "guzzle", "swig", "quench thirst"],
  "climb_requests": ["climb", "scale", "ascend", "clamber"],
  "turn_on_requests": ["turn on", "start", "turn", "activate", "power up", "operate", "engage", "fire up"],
  "open_requests": ["open"],
  "play_requests": ["play"],
  "flush_requests": ["flush"],
  "clean_requests": [
    "clean",
    "clean up",
    "tidy",
    "tidy up",
    "straighten",
    "straighten up",
    "organize",
    "neaten",
    "neaten up",
    "deep clean",
    "scour",
    "polish"
  ],
  "inspect_requests": ["look at", "examine", "inspect", "check", "view", "read"],
  "inventory_requests": ["inventory", "items", "tools"],
  "look_requests": ["look"],
  "take_requests": ["take", "get", "grab", "steal", "pick up"],
  "drop_requests": ["drop", "trash", "discard", "throw away"],
  "save_requests": ["save", "savegame"],
  "load_requests": ["load", "loadgame"],
  "new_game_requests": ["new", "newgame"],
  "exit_requests": ["exit", "quit", "leave", "end", "stop"],
  "move_requests": ["go", "move", "walk", "run", "travel", "head"],
  "move_north": ["north", "n", "up", "u"],
  "move_south": ["south", "s", "down", "d"],
  "move_east": ["east", "e", "right", "r"],
  "move_west": ["west", "w", "left", "l"],
  "hints": ["hint", "hints"],
  "alias": ["alias", "other names", "other name", "what", "aka", "pseudonym"],
  "scroll_requests": ["scroll", "type", "speed", "text", "print"],
  "game_map": ["map"],
  "help_requests": ["help", "?"],
  "help_contents": [
    "Move - Move to a new room.",
    "Look - Look around the room.",
    "Inventory - View your inventory.",
    "Take - Take an item from the room and place in your inventory.",
    "Drop - Drop an item out of your inventory into the room.",
    "Inspect - Inspect an item in the room or in your inventory.",
    "Use - Use an item in the room or in your inventory.",
    "Chew - Chew on an item in the room or in your inventory.",
    "Pull - Pull on an item in the room or in your inventory.",
    "Drink - Drink an item in the room or in your inventory.",
    "Clean - Clean up some items in the room.",
    "Sit - Sit on an item in the room.",
    "Climb - Climb on an item in the room.",
    "Turn On - Turn on an item in the room.",
    "Open - Open an item in the room.",
    "Play - Play an item in the room.",
    "Flush - You know what to do.",
    "Save - Save your game.",
    "Load - Load a saved game.",
    "New - Start a new game.",
    "Exit - Exit the game.",
    "Alias - Show aliases of target.",
    "Scroll - Change the speed of the text using slow, medium, fast, or off.",
    "Map - View game map.",
    "Hint - Get a hint.",
    "Help - View this help message."
  ],
  "objective_requests": ["objective", "goal", "objectives", "goals", "target"],
  "game_story_requests": ["wax lyrical"],
  "draw_requests": ["draw"],
  "words_to_remove": [
    "a",
    "an",
    "the",
    "in",
    "on",
    "to",
    "from",
    "with",
    "and",
    "or",
    "for",
    "of",
    "onto",
    "into",
    "nor",
    "but",
    "so"
  ],
  "yes_words": [
    "y",
    "yes",
    "yeah",
    "yep",
    "yup",
    "sure",
    "ok",
    "okay",
    "fine",
    "alright",
    "affirmative",
    "aye",
    "roger",
    "right",
    "indeed",
    "correct",
    "agreed",
    "certainly",
    "yes sir",
    "yessir",
    "okie-dokie",
    "uh huh"
  ],
  "fast_words": ["fast", "faster", "quick", "quickly", "q", "speed", "s", "fastest"],
  "medium_words": ["medium", "m", "normal", "mid", "average"],
  "slow_words": ["slow", "slower", "sl", "slw", "slowest"],
  "off_words": ["off", "none"]
}
